hotel_name,duration,unit_cost,image_url,description
"Shangri-La Singapore",2,450.00,https://bit.ly/3Ifjcn6,"Treat the entire family to a luxurious staycation experience complete with world-class culinary experiences at The Singapore."
"Capella Singapore",2,330.00,https://bit.ly/3Ideiaa,"Celebrate Singapore's 133rd birthday with the Reflections of staycation package for Singaporeans to experience the history of the national monument."
"W Singapore - Sentosa Cove",1,300.00,https://bit.ly/3fyjtVW,"Want to pamper the special person in your life this season of gifting? Singapore’s leading hospitality operator Far East Hospitality is launching festive staycation packages for not only one, but four of its properties: W Singapore"
"York Hotel Singapore",3,180.00,https://bit.ly/33LzHs4,"This festive season, book a stay at York Hotel and indulge in its festive line-up of celebratory ideas to fill your hearts – and tummies – with amazing food and good cheer."
"Studio M",2,230.00,https://bit.ly/3IdyoRp,"Nestled in the heart of vibrant Robertson Quay along the iconic Singapore River, M Social Singapore offers accommodation away from the hustle and bustle of the city – complete with stylish interiors by renowned French designer Philippe Starck." 
"Discovery Package",3,120.00,https://bit.ly/3KmZpE7,"Plan a romantic staycation at Singapore Marriott Tang Plaza Hotel, complete with an afternoon tea experience with champagne, daily breakfast and 24-hour stay flexibility. Spend quality time with your special perssons."